updated_at,theme,theme_news_score,news_sentiment,summary,positive_points,negative_points,key_regions,article_based_count,title_only_count,analysis_basis,ai_enabled,error,news_count
2026-09-29 10:56:48,2차전지,50,중립,AI 뉴스 분석을 실행할 수 없어 기본값으로 표시합니다.,,,,0,30,분석 실패,False,"Error code: 401 - {'detail': {'code': 401, 'message': 'authentication_error - Invalid API key'}}",64
2026-09-29 10:57:29,AI반도체,50,중립,AI 뉴스 분석을 실행할 수 없어 기본값으로 표시합니다.,,,,0,30,분석 실패,False,"Error code: 401 - {'detail': {'code': 401, 'message': 'authentication_error - Invalid API key'}}",87
2026-09-29 10:58:07,IT서비스,50,중립,AI 뉴스 분석을 실행할 수 없어 기본값으로 표시합니다.,,,,0,30,분석 실패,False,"Error code: 401 - {'detail': {'code': 401, 'message': 'authentication_error - Invalid API key'}}",64
2026-09-29 10:58:45,건설/건자재,50,중립,AI 뉴스 분석을 실행할 수 없어 기본값으로 표시합니다.,,,,0,30,분석 실패,False,"Error code: 401 - {'detail': {'code': 401, 'message': 'authentication_error - Invalid API key'}}",52
2026-09-29 10:59:15,게임,50,중립,AI 뉴스 분석을 실행할 수 없어 기본값으로 표시합니다.,,,,0,30,분석 실패,False,"Error code: 401 - {'detail': {'code': 401, 'message': 'authentication_error - Invalid API key'}}",43
2026-09-29 10:59:42,광고/미디어,50,중립,AI 뉴스 분석을 실행할 수 없어 기본값으로 표시합니다.,,,,0,30,분석 실패,False,"Error code: 401 - {'detail': {'code': 401, 'message': 'authentication_error - Invalid API key'}}",45
2026-09-29 11:00:07,금융,50,중립,AI 뉴스 분석을 실행할 수 없어 기본값으로 표시합니다.,,,,0,30,분석 실패,False,"Error code: 401 - {'detail': {'code': 401, 'message': 'authentication_error - Invalid API key'}}",41
2026-09-29 11:00:31,기계/산업재,50,중립,AI 뉴스 분석을 실행할 수 없어 기본값으로 표시합니다.,,,,0,30,분석 실패,False,"Error code: 401 - {'detail': {'code': 401, 'message': 'authentication_error - Invalid API key'}}",38
2026-09-29 11:00:56,레저/카지노,50,중립,AI 뉴스 분석을 실행할 수 없어 기본값으로 표시합니다.,,,,0,30,분석 실패,False,"Error code: 401 - {'detail': {'code': 401, 'message': 'authentication_error - Invalid API key'}}",38
2026-09-29 11:01:34,로봇/AI,50,중립,AI 뉴스 분석을 실행할 수 없어 기본값으로 표시합니다.,,,,0,30,분석 실패,False,"Error code: 401 - {'detail': {'code': 401, 'message': 'authentication_error - Invalid API key'}}",55
2026-09-29 11:02:06,바이오,50,중립,AI 뉴스 분석을 실행할 수 없어 기본값으로 표시합니다.,,,,0,30,분석 실패,False,"Error code: 401 - {'detail': {'code': 401, 'message': 'authentication_error - Invalid API key'}}",57
2026-09-29 11:02:42,방산,50,중립,AI 뉴스 분석을 실행할 수 없어 기본값으로 표시합니다.,,,,0,30,분석 실패,False,"Error code: 401 - {'detail': {'code': 401, 'message': 'authentication_error - Invalid API key'}}",60
2026-09-29 11:03:06,보안,50,중립,AI 뉴스 분석을 실행할 수 없어 기본값으로 표시합니다.,,,,0,30,분석 실패,False,"Error code: 401 - {'detail': {'code': 401, 'message': 'authentication_error - Invalid API key'}}",31
2026-09-29 11:03:29,소비재,50,중립,AI 뉴스 분석을 실행할 수 없어 기본값으로 표시합니다.,,,,0,30,분석 실패,False,"Error code: 401 - {'detail': {'code': 401, 'message': 'authentication_error - Invalid API key'}}",40
2026-09-29 11:03:53,식품,50,중립,AI 뉴스 분석을 실행할 수 없어 기본값으로 표시합니다.,,,,0,30,분석 실패,False,"Error code: 401 - {'detail': {'code': 401, 'message': 'authentication_error - Invalid API key'}}",31
2026-09-29 11:04:19,엔터/미디어,50,중립,AI 뉴스 분석을 실행할 수 없어 기본값으로 표시합니다.,,,,0,30,분석 실패,False,"Error code: 401 - {'detail': {'code': 401, 'message': 'authentication_error - Invalid API key'}}",32
2026-09-29 11:04:46,운송/항공,50,중립,AI 뉴스 분석을 실행할 수 없어 기본값으로 표시합니다.,,,,0,30,분석 실패,False,"Error code: 401 - {'detail': {'code': 401, 'message': 'authentication_error - Invalid API key'}}",34
2026-09-29 11:05:21,원전/에너지,50,중립,AI 뉴스 분석을 실행할 수 없어 기본값으로 표시합니다.,,,,0,30,분석 실패,False,"Error code: 401 - {'detail': {'code': 401, 'message': 'authentication_error - Invalid API key'}}",59
2026-09-29 11:05:47,유통,50,중립,AI 뉴스 분석을 실행할 수 없어 기본값으로 표시합니다.,,,,0,30,분석 실패,False,"Error code: 401 - {'detail': {'code': 401, 'message': 'authentication_error - Invalid API key'}}",37
2026-09-29 11:06:17,인프라/배당,50,중립,AI 뉴스 분석을 실행할 수 없어 기본값으로 표시합니다.,,,,0,30,분석 실패,False,"Error code: 401 - {'detail': {'code': 401, 'message': 'authentication_error - Invalid API key'}}",50
2026-09-29 11:06:47,자동차,50,중립,AI 뉴스 분석을 실행할 수 없어 기본값으로 표시합니다.,,,,0,30,분석 실패,False,"Error code: 401 - {'detail': {'code': 401, 'message': 'authentication_error - Invalid API key'}}",51
2026-09-29 11:07:24,전력인프라,50,중립,AI 뉴스 분석을 실행할 수 없어 기본값으로 표시합니다.,,,,0,30,분석 실패,False,"Error code: 401 - {'detail': {'code': 401, 'message': 'authentication_error - Invalid API key'}}",73
2026-09-29 11:07:54,전자부품/PCB,50,중립,AI 뉴스 분석을 실행할 수 없어 기본값으로 표시합니다.,,,,0,30,분석 실패,False,"Error code: 401 - {'detail': {'code': 401, 'message': 'authentication_error - Invalid API key'}}",49
2026-09-29 11:08:30,정유/화학,50,중립,AI 뉴스 분석을 실행할 수 없어 기본값으로 표시합니다.,,,,0,30,분석 실패,False,"Error code: 401 - {'detail': {'code': 401, 'message': 'authentication_error - Invalid API key'}}",62
2026-09-29 11:09:06,조선,50,중립,AI 뉴스 분석을 실행할 수 없어 기본값으로 표시합니다.,,,,0,30,분석 실패,False,"Error code: 401 - {'detail': {'code': 401, 'message': 'authentication_error - Invalid API key'}}",63
2026-09-29 11:09:30,지주/복합,50,중립,AI 뉴스 분석을 실행할 수 없어 기본값으로 표시합니다.,,,,0,30,분석 실패,False,"Error code: 401 - {'detail': {'code': 401, 'message': 'authentication_error - Invalid API key'}}",31
2026-09-29 11:09:54,철강/소재,50,중립,AI 뉴스 분석을 실행할 수 없어 기본값으로 표시합니다.,,,,0,30,분석 실패,False,"Error code: 401 - {'detail': {'code': 401, 'message': 'authentication_error - Invalid API key'}}",46
2026-09-29 11:10:29,통신,50,중립,AI 뉴스 분석을 실행할 수 없어 기본값으로 표시합니다.,,,,0,30,분석 실패,False,"Error code: 401 - {'detail': {'code': 401, 'message': 'authentication_error - Invalid API key'}}",47
2026-09-29 11:10:54,패션/의류,50,중립,AI 뉴스 분석을 실행할 수 없어 기본값으로 표시합니다.,,,,0,30,분석 실패,False,"Error code: 401 - {'detail': {'code': 401, 'message': 'authentication_error - Invalid API key'}}",39
2026-09-29 11:11:24,플랫폼/인터넷,50,중립,AI 뉴스 분석을 실행할 수 없어 기본값으로 표시합니다.,,,,0,30,분석 실패,False,"Error code: 401 - {'detail': {'code': 401, 'message': 'authentication_error - Invalid API key'}}",51
2026-09-29 11:11:49,화장품/소비재,50,중립,AI 뉴스 분석을 실행할 수 없어 기본값으로 표시합니다.,,,,0,30,분석 실패,False,"Error code: 401 - {'detail': {'code': 401, 'message': 'authentication_error - Invalid API key'}}",45
